[
    {
        "image": "0.png",
        "id": "0",
        "conversations": [
            {
                "from": "human",
                "value": "<image>\n. What is the value the needle is pointing at in this analog circular controller?"
            },
            {
                "from": "gpt",
                "value": "The value the needle is pointing at is 89.0."
            }
        ]
    },
    {
        "image": "1.png",
        "id": "1",
        "conversations": [
            {
                "from": "human",
                "value": "<image>\n. What is the value the needle is pointing at in this analog circular controller?"
            },
            {
                "from": "gpt",
                "value": "The value the needle is pointing at is 80.9."
            }
        ]
    },
    {
        "image": "2.png",
        "id": "2",
        "conversations": [
            {
                "from": "human",
                "value": "<image>\n. What is the value the needle is pointing at in this analog circular controller?"
            },
            {
                "from": "gpt",
                "value": "The value the needle is pointing at is 8.2."
            }
        ]
    },
    {
        "image": "3.png",
        "id": "3",
        "conversations": [
            {
                "from": "human",
                "value": "<image>\n. What is the value the needle is pointing at in this analog circular controller?"
            },
            {
                "from": "gpt",
                "value": "The value the needle is pointing at is 98.2."
            }
        ]
    },
    {
        "image": "4.png",
        "id": "4",
        "conversations": [
            {
                "from": "human",
                "value": "<image>\n. What is the value the needle is pointing at in this analog circular controller?"
            },
            {
                "from": "gpt",
                "value": "The value the needle is pointing at is 83.3."
            }
        ]
    },
    {
        "image": "5.png",
        "id": "5",
        "conversations": [
            {
                "from": "human",
                "value": "<image>\n. What is the value the needle is pointing at in this analog circular controller?"
            },
            {
                "from": "gpt",
                "value": "The value the needle is pointing at is 36.3."
            }
        ]
    },
    {
        "image": "6.png",
        "id": "6",
        "conversations": [
            {
                "from": "human",
                "value": "<image>\n. What is the value the needle is pointing at in this analog circular controller?"
            },
            {
                "from": "gpt",
                "value": "The value the needle is pointing at is 76.5."
            }
        ]
    },
    {
        "image": "7.png",
        "id": "7",
        "conversations": [
            {
                "from": "human",
                "value": "<image>\n. What is the value the needle is pointing at in this analog circular controller?"
            },
            {
                "from": "gpt",
                "value": "The value the needle is pointing at is 23.1."
            }
        ]
    },
    {
        "image": "8.png",
        "id": "8",
        "conversations": [
            {
                "from": "human",
                "value": "<image>\n. What is the value the needle is pointing at in this analog circular controller?"
            },
            {
                "from": "gpt",
                "value": "The value the needle is pointing at is 22.5."
            }
        ]
    },
    {
        "image": "9.png",
        "id": "9",
        "conversations": [
            {
                "from": "human",
                "value": "<image>\n. What is the value the needle is pointing at in this analog circular controller?"
            },
            {
                "from": "gpt",
                "value": "The value the needle is pointing at is 79.0."
            }
        ]
    },
    {
        "image": "10.png",
        "id": "10",
        "conversations": [
            {
                "from": "human",
                "value": "<image>\n. What is the value the needle is pointing at in this analog circular controller?"
            },
            {
                "from": "gpt",
                "value": "The value the needle is pointing at is 82.7."
            }
        ]
    },
    {
        "image": "11.png",
        "id": "11",
        "conversations": [
            {
                "from": "human",
                "value": "<image>\n. What is the value the needle is pointing at in this analog circular controller?"
            },
            {
                "from": "gpt",
                "value": "The value the needle is pointing at is 65.9."
            }
        ]
    },
    {
        "image": "12.png",
        "id": "12",
        "conversations": [
            {
                "from": "human",
                "value": "<image>\n. What is the value the needle is pointing at in this analog circular controller?"
            },
            {
                "from": "gpt",
                "value": "The value the needle is pointing at is 37.3."
            }
        ]
    },
    {
        "image": "13.png",
        "id": "13",
        "conversations": [
            {
                "from": "human",
                "value": "<image>\n. What is the value the needle is pointing at in this analog circular controller?"
            },
            {
                "from": "gpt",
                "value": "The value the needle is pointing at is 51.9."
            }
        ]
    },
    {
        "image": "14.png",
        "id": "14",
        "conversations": [
            {
                "from": "human",
                "value": "<image>\n. What is the value the needle is pointing at in this analog circular controller?"
            },
            {
                "from": "gpt",
                "value": "The value the needle is pointing at is 42.2."
            }
        ]
    },
    {
        "image": "15.png",
        "id": "15",
        "conversations": [
            {
                "from": "human",
                "value": "<image>\n. What is the value the needle is pointing at in this analog circular controller?"
            },
            {
                "from": "gpt",
                "value": "The value the needle is pointing at is 98.3."
            }
        ]
    },
    {
        "image": "16.png",
        "id": "16",
        "conversations": [
            {
                "from": "human",
                "value": "<image>\n. What is the value the needle is pointing at in this analog circular controller?"
            },
            {
                "from": "gpt",
                "value": "The value the needle is pointing at is 32.6."
            }
        ]
    },
    {
        "image": "17.png",
        "id": "17",
        "conversations": [
            {
                "from": "human",
                "value": "<image>\n. What is the value the needle is pointing at in this analog circular controller?"
            },
            {
                "from": "gpt",
                "value": "The value the needle is pointing at is 56.2."
            }
        ]
    },
    {
        "image": "18.png",
        "id": "18",
        "conversations": [
            {
                "from": "human",
                "value": "<image>\n. What is the value the needle is pointing at in this analog circular controller?"
            },
            {
                "from": "gpt",
                "value": "The value the needle is pointing at is 31.0."
            }
        ]
    },
    {
        "image": "19.png",
        "id": "19",
        "conversations": [
            {
                "from": "human",
                "value": "<image>\n. What is the value the needle is pointing at in this analog circular controller?"
            },
            {
                "from": "gpt",
                "value": "The value the needle is pointing at is 75.6."
            }
        ]
    },
    {
        "image": "20.png",
        "id": "20",
        "conversations": [
            {
                "from": "human",
                "value": "<image>\n. What is the value the needle is pointing at in this analog circular controller?"
            },
            {
                "from": "gpt",
                "value": "The value the needle is pointing at is 35.2."
            }
        ]
    },
    {
        "image": "21.png",
        "id": "21",
        "conversations": [
            {
                "from": "human",
                "value": "<image>\n. What is the value the needle is pointing at in this analog circular controller?"
            },
            {
                "from": "gpt",
                "value": "The value the needle is pointing at is 5.8."
            }
        ]
    },
    {
        "image": "22.png",
        "id": "22",
        "conversations": [
            {
                "from": "human",
                "value": "<image>\n. What is the value the needle is pointing at in this analog circular controller?"
            },
            {
                "from": "gpt",
                "value": "The value the needle is pointing at is 81.0."
            }
        ]
    },
    {
        "image": "23.png",
        "id": "23",
        "conversations": [
            {
                "from": "human",
                "value": "<image>\n. What is the value the needle is pointing at in this analog circular controller?"
            },
            {
                "from": "gpt",
                "value": "The value the needle is pointing at is 40.1."
            }
        ]
    },
    {
        "image": "24.png",
        "id": "24",
        "conversations": [
            {
                "from": "human",
                "value": "<image>\n. What is the value the needle is pointing at in this analog circular controller?"
            },
            {
                "from": "gpt",
                "value": "The value the needle is pointing at is 74.9."
            }
        ]
    },
    {
        "image": "25.png",
        "id": "25",
        "conversations": [
            {
                "from": "human",
                "value": "<image>\n. What is the value the needle is pointing at in this analog circular controller?"
            },
            {
                "from": "gpt",
                "value": "The value the needle is pointing at is 43.3."
            }
        ]
    },
    {
        "image": "26.png",
        "id": "26",
        "conversations": [
            {
                "from": "human",
                "value": "<image>\n. What is the value the needle is pointing at in this analog circular controller?"
            },
            {
                "from": "gpt",
                "value": "The value the needle is pointing at is 83.9."
            }
        ]
    },
    {
        "image": "27.png",
        "id": "27",
        "conversations": [
            {
                "from": "human",
                "value": "<image>\n. What is the value the needle is pointing at in this analog circular controller?"
            },
            {
                "from": "gpt",
                "value": "The value the needle is pointing at is 30.4."
            }
        ]
    },
    {
        "image": "28.png",
        "id": "28",
        "conversations": [
            {
                "from": "human",
                "value": "<image>\n. What is the value the needle is pointing at in this analog circular controller?"
            },
            {
                "from": "gpt",
                "value": "The value the needle is pointing at is 15.0."
            }
        ]
    },
    {
        "image": "29.png",
        "id": "29",
        "conversations": [
            {
                "from": "human",
                "value": "<image>\n. What is the value the needle is pointing at in this analog circular controller?"
            },
            {
                "from": "gpt",
                "value": "The value the needle is pointing at is 2.9."
            }
        ]
    },
    {
        "image": "30.png",
        "id": "30",
        "conversations": [
            {
                "from": "human",
                "value": "<image>\n. What is the value the needle is pointing at in this analog circular controller?"
            },
            {
                "from": "gpt",
                "value": "The value the needle is pointing at is 70.7."
            }
        ]
    },
    {
        "image": "31.png",
        "id": "31",
        "conversations": [
            {
                "from": "human",
                "value": "<image>\n. What is the value the needle is pointing at in this analog circular controller?"
            },
            {
                "from": "gpt",
                "value": "The value the needle is pointing at is 43.6."
            }
        ]
    },
    {
        "image": "32.png",
        "id": "32",
        "conversations": [
            {
                "from": "human",
                "value": "<image>\n. What is the value the needle is pointing at in this analog circular controller?"
            },
            {
                "from": "gpt",
                "value": "The value the needle is pointing at is 92.7."
            }
        ]
    },
    {
        "image": "33.png",
        "id": "33",
        "conversations": [
            {
                "from": "human",
                "value": "<image>\n. What is the value the needle is pointing at in this analog circular controller?"
            },
            {
                "from": "gpt",
                "value": "The value the needle is pointing at is 13.3."
            }
        ]
    },
    {
        "image": "34.png",
        "id": "34",
        "conversations": [
            {
                "from": "human",
                "value": "<image>\n. What is the value the needle is pointing at in this analog circular controller?"
            },
            {
                "from": "gpt",
                "value": "The value the needle is pointing at is 71.1."
            }
        ]
    },
    {
        "image": "35.png",
        "id": "35",
        "conversations": [
            {
                "from": "human",
                "value": "<image>\n. What is the value the needle is pointing at in this analog circular controller?"
            },
            {
                "from": "gpt",
                "value": "The value the needle is pointing at is 46.3."
            }
        ]
    },
    {
        "image": "36.png",
        "id": "36",
        "conversations": [
            {
                "from": "human",
                "value": "<image>\n. What is the value the needle is pointing at in this analog circular controller?"
            },
            {
                "from": "gpt",
                "value": "The value the needle is pointing at is 96.4."
            }
        ]
    },
    {
        "image": "37.png",
        "id": "37",
        "conversations": [
            {
                "from": "human",
                "value": "<image>\n. What is the value the needle is pointing at in this analog circular controller?"
            },
            {
                "from": "gpt",
                "value": "The value the needle is pointing at is 40.6."
            }
        ]
    },
    {
        "image": "38.png",
        "id": "38",
        "conversations": [
            {
                "from": "human",
                "value": "<image>\n. What is the value the needle is pointing at in this analog circular controller?"
            },
            {
                "from": "gpt",
                "value": "The value the needle is pointing at is 35.9."
            }
        ]
    },
    {
        "image": "39.png",
        "id": "39",
        "conversations": [
            {
                "from": "human",
                "value": "<image>\n. What is the value the needle is pointing at in this analog circular controller?"
            },
            {
                "from": "gpt",
                "value": "The value the needle is pointing at is 73.4."
            }
        ]
    },
    {
        "image": "40.png",
        "id": "40",
        "conversations": [
            {
                "from": "human",
                "value": "<image>\n. What is the value the needle is pointing at in this analog circular controller?"
            },
            {
                "from": "gpt",
                "value": "The value the needle is pointing at is 25.1."
            }
        ]
    },
    {
        "image": "41.png",
        "id": "41",
        "conversations": [
            {
                "from": "human",
                "value": "<image>\n. What is the value the needle is pointing at in this analog circular controller?"
            },
            {
                "from": "gpt",
                "value": "The value the needle is pointing at is 68.5."
            }
        ]
    },
    {
        "image": "42.png",
        "id": "42",
        "conversations": [
            {
                "from": "human",
                "value": "<image>\n. What is the value the needle is pointing at in this analog circular controller?"
            },
            {
                "from": "gpt",
                "value": "The value the needle is pointing at is 2.0."
            }
        ]
    },
    {
        "image": "43.png",
        "id": "43",
        "conversations": [
            {
                "from": "human",
                "value": "<image>\n. What is the value the needle is pointing at in this analog circular controller?"
            },
            {
                "from": "gpt",
                "value": "The value the needle is pointing at is 45.2."
            }
        ]
    },
    {
        "image": "44.png",
        "id": "44",
        "conversations": [
            {
                "from": "human",
                "value": "<image>\n. What is the value the needle is pointing at in this analog circular controller?"
            },
            {
                "from": "gpt",
                "value": "The value the needle is pointing at is 80.7."
            }
        ]
    },
    {
        "image": "45.png",
        "id": "45",
        "conversations": [
            {
                "from": "human",
                "value": "<image>\n. What is the value the needle is pointing at in this analog circular controller?"
            },
            {
                "from": "gpt",
                "value": "The value the needle is pointing at is 16.5."
            }
        ]
    },
    {
        "image": "46.png",
        "id": "46",
        "conversations": [
            {
                "from": "human",
                "value": "<image>\n. What is the value the needle is pointing at in this analog circular controller?"
            },
            {
                "from": "gpt",
                "value": "The value the needle is pointing at is 0.1."
            }
        ]
    },
    {
        "image": "47.png",
        "id": "47",
        "conversations": [
            {
                "from": "human",
                "value": "<image>\n. What is the value the needle is pointing at in this analog circular controller?"
            },
            {
                "from": "gpt",
                "value": "The value the needle is pointing at is 69.7."
            }
        ]
    },
    {
        "image": "48.png",
        "id": "48",
        "conversations": [
            {
                "from": "human",
                "value": "<image>\n. What is the value the needle is pointing at in this analog circular controller?"
            },
            {
                "from": "gpt",
                "value": "The value the needle is pointing at is 63.5."
            }
        ]
    },
    {
        "image": "49.png",
        "id": "49",
        "conversations": [
            {
                "from": "human",
                "value": "<image>\n. What is the value the needle is pointing at in this analog circular controller?"
            },
            {
                "from": "gpt",
                "value": "The value the needle is pointing at is 59.1."
            }
        ]
    },
    {
        "image": "50.png",
        "id": "50",
        "conversations": [
            {
                "from": "human",
                "value": "<image>\n. What is the value the needle is pointing at in this analog circular controller?"
            },
            {
                "from": "gpt",
                "value": "The value the needle is pointing at is 72.2."
            }
        ]
    },
    {
        "image": "51.png",
        "id": "51",
        "conversations": [
            {
                "from": "human",
                "value": "<image>\n. What is the value the needle is pointing at in this analog circular controller?"
            },
            {
                "from": "gpt",
                "value": "The value the needle is pointing at is 37.7."
            }
        ]
    },
    {
        "image": "52.png",
        "id": "52",
        "conversations": [
            {
                "from": "human",
                "value": "<image>\n. What is the value the needle is pointing at in this analog circular controller?"
            },
            {
                "from": "gpt",
                "value": "The value the needle is pointing at is 77.9."
            }
        ]
    },
    {
        "image": "53.png",
        "id": "53",
        "conversations": [
            {
                "from": "human",
                "value": "<image>\n. What is the value the needle is pointing at in this analog circular controller?"
            },
            {
                "from": "gpt",
                "value": "The value the needle is pointing at is 12.3."
            }
        ]
    },
    {
        "image": "54.png",
        "id": "54",
        "conversations": [
            {
                "from": "human",
                "value": "<image>\n. What is the value the needle is pointing at in this analog circular controller?"
            },
            {
                "from": "gpt",
                "value": "The value the needle is pointing at is 10.5."
            }
        ]
    },
    {
        "image": "55.png",
        "id": "55",
        "conversations": [
            {
                "from": "human",
                "value": "<image>\n. What is the value the needle is pointing at in this analog circular controller?"
            },
            {
                "from": "gpt",
                "value": "The value the needle is pointing at is 60.7."
            }
        ]
    },
    {
        "image": "56.png",
        "id": "56",
        "conversations": [
            {
                "from": "human",
                "value": "<image>\n. What is the value the needle is pointing at in this analog circular controller?"
            },
            {
                "from": "gpt",
                "value": "The value the needle is pointing at is 41.0."
            }
        ]
    },
    {
        "image": "57.png",
        "id": "57",
        "conversations": [
            {
                "from": "human",
                "value": "<image>\n. What is the value the needle is pointing at in this analog circular controller?"
            },
            {
                "from": "gpt",
                "value": "The value the needle is pointing at is 67.6."
            }
        ]
    },
    {
        "image": "58.png",
        "id": "58",
        "conversations": [
            {
                "from": "human",
                "value": "<image>\n. What is the value the needle is pointing at in this analog circular controller?"
            },
            {
                "from": "gpt",
                "value": "The value the needle is pointing at is 46.2."
            }
        ]
    },
    {
        "image": "59.png",
        "id": "59",
        "conversations": [
            {
                "from": "human",
                "value": "<image>\n. What is the value the needle is pointing at in this analog circular controller?"
            },
            {
                "from": "gpt",
                "value": "The value the needle is pointing at is 28.0."
            }
        ]
    },
    {
        "image": "60.png",
        "id": "60",
        "conversations": [
            {
                "from": "human",
                "value": "<image>\n. What is the value the needle is pointing at in this analog circular controller?"
            },
            {
                "from": "gpt",
                "value": "The value the needle is pointing at is 78.2."
            }
        ]
    },
    {
        "image": "61.png",
        "id": "61",
        "conversations": [
            {
                "from": "human",
                "value": "<image>\n. What is the value the needle is pointing at in this analog circular controller?"
            },
            {
                "from": "gpt",
                "value": "The value the needle is pointing at is 49.5."
            }
        ]
    },
    {
        "image": "62.png",
        "id": "62",
        "conversations": [
            {
                "from": "human",
                "value": "<image>\n. What is the value the needle is pointing at in this analog circular controller?"
            },
            {
                "from": "gpt",
                "value": "The value the needle is pointing at is 47.0."
            }
        ]
    },
    {
        "image": "63.png",
        "id": "63",
        "conversations": [
            {
                "from": "human",
                "value": "<image>\n. What is the value the needle is pointing at in this analog circular controller?"
            },
            {
                "from": "gpt",
                "value": "The value the needle is pointing at is 51.2."
            }
        ]
    },
    {
        "image": "64.png",
        "id": "64",
        "conversations": [
            {
                "from": "human",
                "value": "<image>\n. What is the value the needle is pointing at in this analog circular controller?"
            },
            {
                "from": "gpt",
                "value": "The value the needle is pointing at is 92.3."
            }
        ]
    },
    {
        "image": "65.png",
        "id": "65",
        "conversations": [
            {
                "from": "human",
                "value": "<image>\n. What is the value the needle is pointing at in this analog circular controller?"
            },
            {
                "from": "gpt",
                "value": "The value the needle is pointing at is 59.0."
            }
        ]
    },
    {
        "image": "66.png",
        "id": "66",
        "conversations": [
            {
                "from": "human",
                "value": "<image>\n. What is the value the needle is pointing at in this analog circular controller?"
            },
            {
                "from": "gpt",
                "value": "The value the needle is pointing at is 75.5."
            }
        ]
    },
    {
        "image": "67.png",
        "id": "67",
        "conversations": [
            {
                "from": "human",
                "value": "<image>\n. What is the value the needle is pointing at in this analog circular controller?"
            },
            {
                "from": "gpt",
                "value": "The value the needle is pointing at is 59.4."
            }
        ]
    },
    {
        "image": "68.png",
        "id": "68",
        "conversations": [
            {
                "from": "human",
                "value": "<image>\n. What is the value the needle is pointing at in this analog circular controller?"
            },
            {
                "from": "gpt",
                "value": "The value the needle is pointing at is 1.9."
            }
        ]
    },
    {
        "image": "69.png",
        "id": "69",
        "conversations": [
            {
                "from": "human",
                "value": "<image>\n. What is the value the needle is pointing at in this analog circular controller?"
            },
            {
                "from": "gpt",
                "value": "The value the needle is pointing at is 62.4."
            }
        ]
    },
    {
        "image": "70.png",
        "id": "70",
        "conversations": [
            {
                "from": "human",
                "value": "<image>\n. What is the value the needle is pointing at in this analog circular controller?"
            },
            {
                "from": "gpt",
                "value": "The value the needle is pointing at is 84.9."
            }
        ]
    },
    {
        "image": "71.png",
        "id": "71",
        "conversations": [
            {
                "from": "human",
                "value": "<image>\n. What is the value the needle is pointing at in this analog circular controller?"
            },
            {
                "from": "gpt",
                "value": "The value the needle is pointing at is 22.4."
            }
        ]
    },
    {
        "image": "72.png",
        "id": "72",
        "conversations": [
            {
                "from": "human",
                "value": "<image>\n. What is the value the needle is pointing at in this analog circular controller?"
            },
            {
                "from": "gpt",
                "value": "The value the needle is pointing at is 38.6."
            }
        ]
    },
    {
        "image": "73.png",
        "id": "73",
        "conversations": [
            {
                "from": "human",
                "value": "<image>\n. What is the value the needle is pointing at in this analog circular controller?"
            },
            {
                "from": "gpt",
                "value": "The value the needle is pointing at is 54.1."
            }
        ]
    },
    {
        "image": "74.png",
        "id": "74",
        "conversations": [
            {
                "from": "human",
                "value": "<image>\n. What is the value the needle is pointing at in this analog circular controller?"
            },
            {
                "from": "gpt",
                "value": "The value the needle is pointing at is 81.3."
            }
        ]
    },
    {
        "image": "75.png",
        "id": "75",
        "conversations": [
            {
                "from": "human",
                "value": "<image>\n. What is the value the needle is pointing at in this analog circular controller?"
            },
            {
                "from": "gpt",
                "value": "The value the needle is pointing at is 26.3."
            }
        ]
    },
    {
        "image": "76.png",
        "id": "76",
        "conversations": [
            {
                "from": "human",
                "value": "<image>\n. What is the value the needle is pointing at in this analog circular controller?"
            },
            {
                "from": "gpt",
                "value": "The value the needle is pointing at is 19.0."
            }
        ]
    },
    {
        "image": "77.png",
        "id": "77",
        "conversations": [
            {
                "from": "human",
                "value": "<image>\n. What is the value the needle is pointing at in this analog circular controller?"
            },
            {
                "from": "gpt",
                "value": "The value the needle is pointing at is 45.0."
            }
        ]
    },
    {
        "image": "78.png",
        "id": "78",
        "conversations": [
            {
                "from": "human",
                "value": "<image>\n. What is the value the needle is pointing at in this analog circular controller?"
            },
            {
                "from": "gpt",
                "value": "The value the needle is pointing at is 5.1."
            }
        ]
    },
    {
        "image": "79.png",
        "id": "79",
        "conversations": [
            {
                "from": "human",
                "value": "<image>\n. What is the value the needle is pointing at in this analog circular controller?"
            },
            {
                "from": "gpt",
                "value": "The value the needle is pointing at is 36.2."
            }
        ]
    },
    {
        "image": "80.png",
        "id": "80",
        "conversations": [
            {
                "from": "human",
                "value": "<image>\n. What is the value the needle is pointing at in this analog circular controller?"
            },
            {
                "from": "gpt",
                "value": "The value the needle is pointing at is 0.2."
            }
        ]
    },
    {
        "image": "81.png",
        "id": "81",
        "conversations": [
            {
                "from": "human",
                "value": "<image>\n. What is the value the needle is pointing at in this analog circular controller?"
            },
            {
                "from": "gpt",
                "value": "The value the needle is pointing at is 27.2."
            }
        ]
    },
    {
        "image": "82.png",
        "id": "82",
        "conversations": [
            {
                "from": "human",
                "value": "<image>\n. What is the value the needle is pointing at in this analog circular controller?"
            },
            {
                "from": "gpt",
                "value": "The value the needle is pointing at is 76.9."
            }
        ]
    },
    {
        "image": "83.png",
        "id": "83",
        "conversations": [
            {
                "from": "human",
                "value": "<image>\n. What is the value the needle is pointing at in this analog circular controller?"
            },
            {
                "from": "gpt",
                "value": "The value the needle is pointing at is 87.0."
            }
        ]
    },
    {
        "image": "84.png",
        "id": "84",
        "conversations": [
            {
                "from": "human",
                "value": "<image>\n. What is the value the needle is pointing at in this analog circular controller?"
            },
            {
                "from": "gpt",
                "value": "The value the needle is pointing at is 47.4."
            }
        ]
    },
    {
        "image": "85.png",
        "id": "85",
        "conversations": [
            {
                "from": "human",
                "value": "<image>\n. What is the value the needle is pointing at in this analog circular controller?"
            },
            {
                "from": "gpt",
                "value": "The value the needle is pointing at is 55.6."
            }
        ]
    },
    {
        "image": "86.png",
        "id": "86",
        "conversations": [
            {
                "from": "human",
                "value": "<image>\n. What is the value the needle is pointing at in this analog circular controller?"
            },
            {
                "from": "gpt",
                "value": "The value the needle is pointing at is 91.8."
            }
        ]
    },
    {
        "image": "87.png",
        "id": "87",
        "conversations": [
            {
                "from": "human",
                "value": "<image>\n. What is the value the needle is pointing at in this analog circular controller?"
            },
            {
                "from": "gpt",
                "value": "The value the needle is pointing at is 14.1."
            }
        ]
    },
    {
        "image": "88.png",
        "id": "88",
        "conversations": [
            {
                "from": "human",
                "value": "<image>\n. What is the value the needle is pointing at in this analog circular controller?"
            },
            {
                "from": "gpt",
                "value": "The value the needle is pointing at is 70.5."
            }
        ]
    },
    {
        "image": "89.png",
        "id": "89",
        "conversations": [
            {
                "from": "human",
                "value": "<image>\n. What is the value the needle is pointing at in this analog circular controller?"
            },
            {
                "from": "gpt",
                "value": "The value the needle is pointing at is 58.8."
            }
        ]
    },
    {
        "image": "90.png",
        "id": "90",
        "conversations": [
            {
                "from": "human",
                "value": "<image>\n. What is the value the needle is pointing at in this analog circular controller?"
            },
            {
                "from": "gpt",
                "value": "The value the needle is pointing at is 71.0."
            }
        ]
    },
    {
        "image": "91.png",
        "id": "91",
        "conversations": [
            {
                "from": "human",
                "value": "<image>\n. What is the value the needle is pointing at in this analog circular controller?"
            },
            {
                "from": "gpt",
                "value": "The value the needle is pointing at is 81.7."
            }
        ]
    },
    {
        "image": "92.png",
        "id": "92",
        "conversations": [
            {
                "from": "human",
                "value": "<image>\n. What is the value the needle is pointing at in this analog circular controller?"
            },
            {
                "from": "gpt",
                "value": "The value the needle is pointing at is 64.1."
            }
        ]
    },
    {
        "image": "93.png",
        "id": "93",
        "conversations": [
            {
                "from": "human",
                "value": "<image>\n. What is the value the needle is pointing at in this analog circular controller?"
            },
            {
                "from": "gpt",
                "value": "The value the needle is pointing at is 94.0."
            }
        ]
    },
    {
        "image": "94.png",
        "id": "94",
        "conversations": [
            {
                "from": "human",
                "value": "<image>\n. What is the value the needle is pointing at in this analog circular controller?"
            },
            {
                "from": "gpt",
                "value": "The value the needle is pointing at is 82.2."
            }
        ]
    },
    {
        "image": "95.png",
        "id": "95",
        "conversations": [
            {
                "from": "human",
                "value": "<image>\n. What is the value the needle is pointing at in this analog circular controller?"
            },
            {
                "from": "gpt",
                "value": "The value the needle is pointing at is 74.0."
            }
        ]
    },
    {
        "image": "96.png",
        "id": "96",
        "conversations": [
            {
                "from": "human",
                "value": "<image>\n. What is the value the needle is pointing at in this analog circular controller?"
            },
            {
                "from": "gpt",
                "value": "The value the needle is pointing at is 47.1."
            }
        ]
    },
    {
        "image": "97.png",
        "id": "97",
        "conversations": [
            {
                "from": "human",
                "value": "<image>\n. What is the value the needle is pointing at in this analog circular controller?"
            },
            {
                "from": "gpt",
                "value": "The value the needle is pointing at is 13.9."
            }
        ]
    },
    {
        "image": "98.png",
        "id": "98",
        "conversations": [
            {
                "from": "human",
                "value": "<image>\n. What is the value the needle is pointing at in this analog circular controller?"
            },
            {
                "from": "gpt",
                "value": "The value the needle is pointing at is 94.4."
            }
        ]
    },
    {
        "image": "99.png",
        "id": "99",
        "conversations": [
            {
                "from": "human",
                "value": "<image>\n. What is the value the needle is pointing at in this analog circular controller?"
            },
            {
                "from": "gpt",
                "value": "The value the needle is pointing at is 18.4."
            }
        ]
    }
]
